{"cameraMode":{"drawMode":0,"name":"Shaded","section":"Shading Mode"},"sceneLighting":true,"audioPlay":false,"sceneViewState":{"m_AlwaysRefresh":false,"showFog":true,"showSkybox":false,"showFlares":true,"showImageEffects":true,"showParticleSystems":true,"showVisualEffectGraphs":true,"m_FxEnabled":true},"in2DMode":false,"pivot":{"x":-2.694826126098633,"y":-7.286186695098877,"z":-0.22300481796264649},"rotation":{"x":-0.3789546489715576,"y":-0.024430429562926294,"z":0.010008323937654496,"w":-0.9250356554985046},"size":0.8660253882408142,"orthographic":false}